-- phpMyAdmin SQL Dump
-- version 4.9.0.1
-- https://www.phpmyadmin.net/
--
-- Host: 127.0.0.1
-- Generation Time: Oct 24, 2019 at 11:43 AM
-- Server version: 10.3.16-MariaDB
-- PHP Version: 7.3.6

SET SQL_MODE = "NO_AUTO_VALUE_ON_ZERO";
SET AUTOCOMMIT = 0;
START TRANSACTION;
SET time_zone = "+00:00";


/*!40101 SET @OLD_CHARACTER_SET_CLIENT=@@CHARACTER_SET_CLIENT */;
/*!40101 SET @OLD_CHARACTER_SET_RESULTS=@@CHARACTER_SET_RESULTS */;
/*!40101 SET @OLD_COLLATION_CONNECTION=@@COLLATION_CONNECTION */;
/*!40101 SET NAMES utf8mb4 */;

--
-- Database: `perpustakaan-standar`
--

-- --------------------------------------------------------

--
-- Table structure for table `anggota`
--

CREATE TABLE `anggota` (
  `id` int(11) NOT NULL,
  `nama` varchar(255) NOT NULL,
  `alamat` varchar(255) DEFAULT NULL,
  `telepon` varchar(50) DEFAULT NULL,
  `email` varchar(50) DEFAULT NULL,
  `status_aktif` int(11) DEFAULT 0
) ENGINE=InnoDB DEFAULT CHARSET=latin1;

--
-- Dumping data for table `anggota`
--

INSERT INTO `anggota` (`id`, `nama`, `alamat`, `telepon`, `email`, `status_aktif`) VALUES
(12, 'soni', 'indramayu', '083148304861', 'sonidwisusanto77@gmail.com', 1),
(13, 'Priliyandi', 'Jatibarang', '123123123123', 'priliyand@gmail.com', 1),
(14, 'aduar jendi', 'indramayu', '123123123123', 'aduar@gmail.com', 2);

-- --------------------------------------------------------

--
-- Table structure for table `buku`
--

CREATE TABLE `buku` (
  `id` int(11) NOT NULL,
  `nama` varchar(255) NOT NULL,
  `tahun_terbit` year(4) DEFAULT NULL,
  `id_penulis` int(11) DEFAULT NULL,
  `id_penerbit` int(11) DEFAULT NULL,
  `id_kategori` int(11) DEFAULT NULL,
  `sinopsis` text DEFAULT NULL,
  `sampul` varchar(255) DEFAULT NULL,
  `berkas` varchar(255) DEFAULT NULL
) ENGINE=InnoDB DEFAULT CHARSET=latin1;

--
-- Dumping data for table `buku`
--

INSERT INTO `buku` (`id`, `nama`, `tahun_terbit`, `id_penulis`, `id_penerbit`, `id_kategori`, `sinopsis`, `sampul`, `berkas`) VALUES
(56, 'kisah jawa', 2018, 4, 2, 5, '<p>jdsnfjnfsdnfkjnskfsdkjnfsk</p>', '1571728225_Batik-Indramayu-Motif-Paoman.jpg', 'mfdslflkdfml'),
(58, 'Putri Tidur', 2019, 4, 3, 5, '<p>djasdsa</p>', '1571737346_BEM.png', 'ndsadfa'),
(59, 'bahasa indonesia', 2019, 4, 3, 2, '<p>dsjnskandas</p>', '1571737622_43225736_155382635405008_6805835242012672000_n.jpg', 'dsnksandk'),
(60, 'malefincent', 2019, 5, 3, 5, '<p>penyihir</p>', '1571815852_male.jpg', 'aaaaaaaaaaa'),
(61, 'Matemmatika', 2019, 6, 3, 2, '<p>hitung</p>', '1571822360_beautiful-deco-floral-circle-vector-3009780.jpg', 'dsadasda');

-- --------------------------------------------------------

--
-- Table structure for table `kategori`
--

CREATE TABLE `kategori` (
  `id` int(11) NOT NULL,
  `nama` varchar(255) NOT NULL
) ENGINE=InnoDB DEFAULT CHARSET=latin1;

--
-- Dumping data for table `kategori`
--

INSERT INTO `kategori` (`id`, `nama`) VALUES
(1, 'Agama'),
(2, 'Pendidikan'),
(3, 'Cerpen'),
(4, 'Puisi'),
(5, 'Novel');

-- --------------------------------------------------------

--
-- Table structure for table `peminjaman`
--

CREATE TABLE `peminjaman` (
  `id` int(11) NOT NULL,
  `id_buku` int(11) NOT NULL,
  `id_anggota` int(11) NOT NULL,
  `tanggal_pinjam` date NOT NULL,
  `tanggal_kembali` date NOT NULL
) ENGINE=InnoDB DEFAULT CHARSET=latin1;

--
-- Dumping data for table `peminjaman`
--

INSERT INTO `peminjaman` (`id`, `id_buku`, `id_anggota`, `tanggal_pinjam`, `tanggal_kembali`) VALUES
(14, 60, 12, '2019-10-24', '2019-10-31'),
(15, 56, 13, '2019-11-01', '2019-11-08'),
(16, 58, 12, '2019-10-24', '2019-10-31');

-- --------------------------------------------------------

--
-- Table structure for table `penerbit`
--

CREATE TABLE `penerbit` (
  `id` int(11) NOT NULL,
  `nama` varchar(255) DEFAULT NULL,
  `alamat` text DEFAULT NULL,
  `telepon` varchar(255) DEFAULT NULL,
  `email` varchar(2555) DEFAULT NULL
) ENGINE=InnoDB DEFAULT CHARSET=latin1;

--
-- Dumping data for table `penerbit`
--

INSERT INTO `penerbit` (`id`, `nama`, `alamat`, `telepon`, `email`) VALUES
(1, 'Polindra', 'Jl. Kebenaran 104', '087733195026', 'polindra@gmail.com'),
(2, 'PT. Syahrul', 'Jl. Kebenaran 303', '087733195025', 'pt.syahrul@gmail.com'),
(3, 'PT GRAMEDIA', 'JAKARTA', '12321312312', 'DAMDMALKD');

-- --------------------------------------------------------

--
-- Table structure for table `penulis`
--

CREATE TABLE `penulis` (
  `id` int(11) NOT NULL,
  `nama` varchar(255) NOT NULL,
  `alamat` text DEFAULT NULL,
  `telepon` varchar(255) DEFAULT NULL,
  `email` varchar(255) DEFAULT NULL
) ENGINE=InnoDB DEFAULT CHARSET=latin1;

--
-- Dumping data for table `penulis`
--

INSERT INTO `penulis` (`id`, `nama`, `alamat`, `telepon`, `email`) VALUES
(4, 'soni', 'kandanghaur', '08995825553', 'soni@gmail.com'),
(5, 'Priliyandi', 'Jatibarang', '121331231', 'priliyandi@gmail.com'),
(6, 'Iis Juwitasari', 'Brebes', '0213102312031', 'iis@gmail.com');

-- --------------------------------------------------------

--
-- Table structure for table `petugas`
--

CREATE TABLE `petugas` (
  `id` int(11) NOT NULL,
  `nama` varchar(255) NOT NULL,
  `alamat` varchar(255) DEFAULT NULL,
  `telepon` varchar(50) DEFAULT NULL,
  `email` varchar(50) DEFAULT NULL
) ENGINE=InnoDB DEFAULT CHARSET=latin1;

--
-- Dumping data for table `petugas`
--

INSERT INTO `petugas` (`id`, `nama`, `alamat`, `telepon`, `email`) VALUES
(4, 'petugas1', 'ala petugas1', '2312321321321', 'petugas1@gmail.com'),
(5, 'petugas2', 'ala petugas2', '1232134243254', 'petugas2@gmail.com'),
(6, 'petugas3', 'indramayu', '08995825553', 'petugas3@gmail.com');

-- --------------------------------------------------------

--
-- Table structure for table `user`
--

CREATE TABLE `user` (
  `id` int(11) NOT NULL,
  `username` varchar(255) NOT NULL,
  `password` varchar(25) NOT NULL,
  `id_anggota` int(11) DEFAULT NULL,
  `id_petugas` int(11) DEFAULT NULL,
  `id_user_role` int(11) DEFAULT NULL,
  `status` int(11) DEFAULT NULL
) ENGINE=InnoDB DEFAULT CHARSET=latin1;

--
-- Dumping data for table `user`
--

INSERT INTO `user` (`id`, `username`, `password`, `id_anggota`, `id_petugas`, `id_user_role`, `status`) VALUES
(1, 'Admin', 'Admin', 0, 0, 1, 1),
(14, 'anggota1', 'anggota1', 8, 0, 2, 2),
(15, 'anggota2', 'anggota2', 9, 0, 2, 2),
(16, 'petugas1', 'petugas1', 0, 4, 3, 3),
(17, 'petugas2', 'petugas2', 0, 5, 3, 3),
(18, 'test1', 'test12345', 10, 0, 2, 2),
(19, 'soni', 'soni', 1, 1, 2, 1),
(20, 'dwi', 'dwi', 12, 4, 3, 2);

-- --------------------------------------------------------

--
-- Table structure for table `user_role`
--

CREATE TABLE `user_role` (
  `id` int(11) NOT NULL,
  `nama` varchar(255) NOT NULL
) ENGINE=InnoDB DEFAULT CHARSET=latin1;

--
-- Dumping data for table `user_role`
--

INSERT INTO `user_role` (`id`, `nama`) VALUES
(1, 'Admin'),
(2, 'Anggota'),
(3, 'Petugas');

--
-- Indexes for dumped tables
--

--
-- Indexes for table `anggota`
--
ALTER TABLE `anggota`
  ADD PRIMARY KEY (`id`);

--
-- Indexes for table `buku`
--
ALTER TABLE `buku`
  ADD PRIMARY KEY (`id`);

--
-- Indexes for table `kategori`
--
ALTER TABLE `kategori`
  ADD PRIMARY KEY (`id`);

--
-- Indexes for table `peminjaman`
--
ALTER TABLE `peminjaman`
  ADD PRIMARY KEY (`id`);

--
-- Indexes for table `penerbit`
--
ALTER TABLE `penerbit`
  ADD PRIMARY KEY (`id`);

--
-- Indexes for table `penulis`
--
ALTER TABLE `penulis`
  ADD PRIMARY KEY (`id`);

--
-- Indexes for table `petugas`
--
ALTER TABLE `petugas`
  ADD PRIMARY KEY (`id`);

--
-- Indexes for table `user`
--
ALTER TABLE `user`
  ADD PRIMARY KEY (`id`);

--
-- Indexes for table `user_role`
--
ALTER TABLE `user_role`
  ADD PRIMARY KEY (`id`);

--
-- AUTO_INCREMENT for dumped tables
--

--
-- AUTO_INCREMENT for table `anggota`
--
ALTER TABLE `anggota`
  MODIFY `id` int(11) NOT NULL AUTO_INCREMENT, AUTO_INCREMENT=15;

--
-- AUTO_INCREMENT for table `buku`
--
ALTER TABLE `buku`
  MODIFY `id` int(11) NOT NULL AUTO_INCREMENT, AUTO_INCREMENT=62;

--
-- AUTO_INCREMENT for table `kategori`
--
ALTER TABLE `kategori`
  MODIFY `id` int(11) NOT NULL AUTO_INCREMENT, AUTO_INCREMENT=6;

--
-- AUTO_INCREMENT for table `peminjaman`
--
ALTER TABLE `peminjaman`
  MODIFY `id` int(11) NOT NULL AUTO_INCREMENT, AUTO_INCREMENT=17;

--
-- AUTO_INCREMENT for table `penerbit`
--
ALTER TABLE `penerbit`
  MODIFY `id` int(11) NOT NULL AUTO_INCREMENT, AUTO_INCREMENT=4;

--
-- AUTO_INCREMENT for table `penulis`
--
ALTER TABLE `penulis`
  MODIFY `id` int(11) NOT NULL AUTO_INCREMENT, AUTO_INCREMENT=7;

--
-- AUTO_INCREMENT for table `petugas`
--
ALTER TABLE `petugas`
  MODIFY `id` int(11) NOT NULL AUTO_INCREMENT, AUTO_INCREMENT=7;

--
-- AUTO_INCREMENT for table `user`
--
ALTER TABLE `user`
  MODIFY `id` int(11) NOT NULL AUTO_INCREMENT, AUTO_INCREMENT=21;

--
-- AUTO_INCREMENT for table `user_role`
--
ALTER TABLE `user_role`
  MODIFY `id` int(11) NOT NULL AUTO_INCREMENT, AUTO_INCREMENT=4;
COMMIT;

/*!40101 SET CHARACTER_SET_CLIENT=@OLD_CHARACTER_SET_CLIENT */;
/*!40101 SET CHARACTER_SET_RESULTS=@OLD_CHARACTER_SET_RESULTS */;
/*!40101 SET COLLATION_CONNECTION=@OLD_COLLATION_CONNECTION */;
